Nombre,Apellidos,DNI,Notas
Ana,Agúndez,598724985R,FPRG:9.531700277455126/Física:5.950440437451858/
Pedro,Agúndez,121341T,FPRG:1.1117452918123027/Física:1.028768001979249/
